﻿[
  {
    "Tarih": "13.04.2018",
    "Date": "04/13/2018",
    "Bulten_No": "2018/74",
    "CrossOrder": "0",
    "Kod": "USD",
    "CurrencyCode": "USD",
    "Unit": 1,
    "Isim": "ABD DOLARI",
    "CurrencyName": "US DOLLAR",
    "ForexBuying": 4.0785,
    "ForexSelling": 4.0859,
    "BanknoteBuying": 4.0757,
    "BanknoteSelling": 4.0920,
    "CrossRateUSD": null,
    "CrossRateOther": null
  },
  {
    "Tarih": "13.04.2018",
    "Date": "04/13/2018",
    "Bulten_No": "2018/74",
    "CrossOrder": "1",
    "Kod": "AUD",
    "CurrencyCode": "AUD",
    "Unit": 1,
    "Isim": "AVUSTRALYA DOLARI",
    "CurrencyName": "AUSTRALIAN DOLLAR",
    "ForexBuying": 3.1728,
    "ForexSelling": 3.1935,
    "BanknoteBuying": 3.1582,
    "BanknoteSelling": 3.2127,
    "CrossRateUSD": 1.2824,
    "CrossRateOther": null
  },
  {
    "Tarih": "13.04.2018",
    "Date": "04/13/2018",
    "Bulten_No": "2018/74",
    "CrossOrder": "2",
    "Kod": "DKK",
    "CurrencyCode": "DKK",
    "Unit": 1,
    "Isim": "DANİMARKA KRONU",
    "CurrencyName": "DANISH KRONE",
    "ForexBuying": 0.67418,
    "ForexSelling": 0.67749,
    "BanknoteBuying": 0.67371,
    "BanknoteSelling": 0.67905,
    "CrossRateUSD": 6.0402,
    "CrossRateOther": null
  },
  {
    "Tarih": "13.04.2018",
    "Date": "04/13/2018",
    "Bulten_No": "2018/74",
    "CrossOrder": "9",
    "Kod": "EUR",
    "CurrencyCode": "EUR",
    "Unit": 1,
    "Isim": "EURO",
    "CurrencyName": "EURO",
    "ForexBuying": 5.0279,
    "ForexSelling": 5.0369,
    "BanknoteBuying": 5.0243,
    "BanknoteSelling": 5.0445,
    "CrossRateUSD": null,
    "CrossRateOther": 1.2328
  },
  {
    "Tarih": "13.04.2018",
    "Date": "04/13/2018",
    "Bulten_No": "2018/74",
    "CrossOrder": "10",
    "Kod": "GBP",
    "CurrencyCode": "GBP",
    "Unit": 1,
    "Isim": "İNGİLİZ STERLİNİ",
    "CurrencyName": "POUND STERLING",
    "ForexBuying": 5.8108,
    "ForexSelling": 5.8411,
    "BanknoteBuying": 5.8067,
    "BanknoteSelling": 5.8498,
    "CrossRateUSD": null,
    "CrossRateOther": 1.4272
  },
  {
    "Tarih": "13.04.2018",
    "Date": "04/13/2018",
    "Bulten_No": "2018/74",
    "CrossOrder": "3",
    "Kod": "CHF",
    "CurrencyCode": "CHF",
    "Unit": 1,
    "Isim": "İSVİÇRE FRANGI",
    "CurrencyName": "SWISS FRANK",
    "ForexBuying": 4.2291,
    "ForexSelling": 4.2562,
    "BanknoteBuying": 4.2227,
    "BanknoteSelling": 4.2626,
    "CrossRateUSD": 0.9622,
    "CrossRateOther": null
  },
  {
    "Tarih": "13.04.2018",
    "Date": "04/13/2018",
    "Bulten_No": "2018/74",
    "CrossOrder": "4",
    "Kod": "SEK",
    "CurrencyCode": "SEK",
    "Unit": 1,
    "Isim": "İSVEÇ KRONU",
    "CurrencyName": "SWEDISH KRONA",
    "ForexBuying": 0.48230,
    "ForexSelling": 0.48729,
    "BanknoteBuying": 0.48196,
    "BanknoteSelling": 0.48841,
    "CrossRateUSD": 8.4205,
    "CrossRateOther": null
  },
  {
    "Tarih": "13.04.2018",
    "Date": "04/13/2018",
    "Bulten_No": "2018/74",
    "CrossOrder": "6",
    "Kod": "CAD",
    "CurrencyCode": "CAD",
    "Unit": 1,
    "Isim": "KANADA DOLARI",
    "CurrencyName": "CANADIAN DOLLAR",
    "ForexBuying": 3.2408,
    "ForexSelling": 3.2554,
    "BanknoteBuying": 3.2288,
    "BanknoteSelling": 3.2678,
    "CrossRateUSD": 1.2568,
    "CrossRateOther": null
  },
  {
    "Tarih": "13.04.2018",
    "Date": "04/13/2018",
    "Bulten_No": "2018/74",
    "CrossOrder": "11",
    "Kod": "KWD",
    "CurrencyCode": "KWD",
    "Unit": 1,
    "Isim": "KUVEYT DİNARI",
    "CurrencyName": "KUWAITI DINAR",
    "ForexBuying": 13.5223,
    "ForexSelling": 13.6992,
    "BanknoteBuying": 13.3195,
    "BanknoteSelling": 13.9047,
    "CrossRateUSD": null,
    "CrossRateOther": 3.3342
  },
  {
    "Tarih": "13.04.2018",
    "Date": "04/13/2018",
    "Bulten_No": "2018/74",
    "CrossOrder": "7",
    "Kod": "NOK",
    "CurrencyCode": "NOK",
    "Unit": 1,
    "Isim": "NORVEÇ KRONU",
    "CurrencyName": "NORWEGIAN KRONE",
    "ForexBuying": 0.52404,
    "ForexSelling": 0.52756,
    "BanknoteBuying": 0.52367,
    "BanknoteSelling": 0.52878,
    "CrossRateUSD": 7.7638,
    "CrossRateOther": null
  },
  {
    "Tarih": "13.04.2018",
    "Date": "04/13/2018",
    "Bulten_No": "2018/74",
    "CrossOrder": "8",
    "Kod": "SAR",
    "CurrencyCode": "SAR",
    "Unit": 1,
    "Isim": "SUUDİ ARABİSTAN RİYALİ",
    "CurrencyName": "SAUDI RIYAL",
    "ForexBuying": 1.0875,
    "ForexSelling": 1.0895,
    "BanknoteBuying": 1.0794,
    "BanknoteSelling": 1.0977,
    "CrossRateUSD": 3.7502,
    "CrossRateOther": null
  },
  {
    "Tarih": "13.04.2018",
    "Date": "04/13/2018",
    "Bulten_No": "2018/74",
    "CrossOrder": "5",
    "Kod": "JPY",
    "CurrencyCode": "JPY",
    "Unit": 100,
    "Isim": "JAPON YENİ",
    "CurrencyName": "JAPENESE YEN",
    "ForexBuying": 3.7800,
    "ForexSelling": 3.8050,
    "BanknoteBuying": 3.7660,
    "BanknoteSelling": 3.8195,
    "CrossRateUSD": 107.64,
    "CrossRateOther": null
  },
  {
    "Tarih": "13.04.2018",
    "Date": "04/13/2018",
    "Bulten_No": "2018/74",
    "CrossOrder": "12",
    "Kod": "BGN",
    "CurrencyCode": "BGN",
    "Unit": 1,
    "Isim": "BULGAR LEVASI",
    "CurrencyName": "BULGARIAN LEV",
    "ForexBuying": 2.5562,
    "ForexSelling": 2.5896,
    "BanknoteBuying": null,
    "BanknoteSelling": null,
    "CrossRateUSD": 1.5866,
    "CrossRateOther": null
  },
  {
    "Tarih": "13.04.2018",
    "Date": "04/13/2018",
    "Bulten_No": "2018/74",
    "CrossOrder": "13",
    "Kod": "RON",
    "CurrencyCode": "RON",
    "Unit": 1,
    "Isim": "RUMEN LEYİ",
    "CurrencyName": "NEW LEU",
    "ForexBuying": 1.0726,
    "ForexSelling": 1.0867,
    "BanknoteBuying": null,
    "BanknoteSelling": null,
    "CrossRateUSD": 3.7810,
    "CrossRateOther": null
  },
  {
    "Tarih": "13.04.2018",
    "Date": "04/13/2018",
    "Bulten_No": "2018/74",
    "CrossOrder": "14",
    "Kod": "RUB",
    "CurrencyCode": "RUB",
    "Unit": 1,
    "Isim": "RUS RUBLESİ",
    "CurrencyName": "RUSSIAN ROUBLE",
    "ForexBuying": 0.06585,
    "ForexSelling": 0.06671,
    "BanknoteBuying": null,
    "BanknoteSelling": null,
    "CrossRateUSD": 61.59,
    "CrossRateOther": null
  },
  {
    "Tarih": "13.04.2018",
    "Date": "04/13/2018",
    "Bulten_No": "2018/74",
    "CrossOrder": "15",
    "Kod": "IRR",
    "CurrencyCode": "IRR",
    "Unit": 100,
    "Isim": "İRAN RİYALİ",
    "CurrencyName": "IRANIAN RIAL",
    "ForexBuying": 0.00966,
    "ForexSelling": 0.00978,
    "BanknoteBuying": null,
    "BanknoteSelling": null,
    "CrossRateUSD": 42000.0,
    "CrossRateOther": null
  },
  {
    "Tarih": "13.04.2018",
    "Date": "04/13/2018",
    "Bulten_No": "2018/74",
    "CrossOrder": "16",
    "Kod": "CNY",
    "CurrencyCode": "CNY",
    "Unit": 1,
    "Isim": "ÇİN YUANI",
    "CurrencyName": "CHINESE RENMINBI",
    "ForexBuying": 0.64557,
    "ForexSelling": 0.65402,
    "BanknoteBuying": null,
    "BanknoteSelling": null,
    "CrossRateUSD": 6.2823,
    "CrossRateOther": null
  },
  {
    "Tarih": "13.04.2018",
    "Date": "04/13/2018",
    "Bulten_No": "2018/74",
    "CrossOrder": "17",
    "Kod": "PKR",
    "CurrencyCode": "PKR",
    "Unit": 1,
    "Isim": "PAKİSTAN RUPİSİ",
    "CurrencyName": "PAKISTANI RUPEE",
    "ForexBuying": 0.03503,
    "ForexSelling": 0.03549,
    "BanknoteBuying": null,
    "BanknoteSelling": null,
    "CrossRateUSD": 115.78,
    "CrossRateOther": null
  },
  {
    "Tarih": "13.04.2018",
    "Date": "04/13/2018",
    "Bulten_No": "2018/74",
    "CrossOrder": "0",
    "Kod": "XDR",
    "CurrencyCode": "XDR",
    "Unit": 1,
    "Isim": "ÖZEL ÇEKME HAKKI (SDR)",
    "CurrencyName": "SPECIAL DRAWING RIGHT (SDR)",
    "ForexBuying": 5.9372,
    "ForexSelling": null,
    "BanknoteBuying": null,
    "BanknoteSelling": null,
    "CrossRateUSD": null,
    "CrossRateOther": 1.45440
  }
]